COUNTY,TOWN,vote10,vote11,vote12,vote13,vote14,vote15,各鄉鎮市區教會個數,KMT得票率,大學畢業比例,曾經結婚比例,年齡中位數,所得中位數
連江縣,南竿鄉,0.782430730478589,0.749764225086451,0.66307789740342,0.20678818353237,0.247882020709131,0.266060795988718,0,0.598523304107061,0.2932,0.6589,39.9167,79.5
連江縣,莒光鄉,0.764857881136951,0.7074122236671,0.617724867724868,0.237221494102228,0.244385733157199,0.263157894736842,0,0.650088809946714,0.2587,0.692,45.2857,75.2
連江縣,北竿鄉,0.780487804878049,0.748134328358209,0.672641509433962,0.201310861423221,0.229553903345725,0.246982358402971,0,0.750329380764163,0.277,0.6811,42.7333,70.3
連江縣,東引鄉,0.752613240418119,0.701754385964912,0.590909090909091,0.220614828209765,0.487410071942446,0.293594306049822,0,0.5625,0.234,0.6456,37.3333,86.4
金門縣,金湖鎮,0.796686913307565,0.741036741036741,0.652822625542813,0.233668903803132,0.234390540391203,0.24983344437042,2,0.381349782293179,0.2877,0.6851,41.1175,72
金門縣,金寧鄉,0.722489507626164,0.665983606557377,0.598329380220687,0.258590444742545,0.31032714593375,0.325361798214102,0,0.534016941596077,0.271,0.6197,39,71
金門縣,金沙鎮,0.833386581469649,0.780331030049815,0.684531450577664,0.214618473895582,0.190865384615385,0.202088353413655,1,0.378179043743642,0.2582,0.6966,45,68.6
金門縣,烈嶼鄉,0.815399802566634,0.760427010923535,0.677072927072927,0.195302843016069,0.20241023118544,0.213461066077131,0,0.452425960932577,0.2467,0.7054,45,67.9
金門縣,金城鎮,0.794082840236686,0.74270998415214,0.647324255858138,0.228589570600841,0.255522008580963,0.257467429297744,1,0.530339568532881,0.3139,0.6829,42.848,71.8
金門縣,烏坵鄉,0.847133757961784,0.786163522012579,0.710691823899371,0.272151898734177,0.229813664596273,0.233128834355828,0,0.292452830188679,0.2369,0.6802,41,75.4
宜蘭縣,壯圍鄉,0.739067674280377,0.673004453579993,0.598130841121495,0.549514232145901,0.351128818061089,0.350182433033728,0,0.441143001643697,0.1678,0.6666,43.3551,55.2
宜蘭縣,宜蘭市,0.711687709950191,0.658870255957635,0.597463346520828,0.476069885228382,0.336261245307077,0.353694488337539,7,0.470777173484669,0.2661,0.6401,40,61
宜蘭縣,頭城鎮,0.743085147594329,0.670977795091547,0.584803998125878,0.487393658159319,0.325709345280201,0.341802114565252,1,0.526684213473708,0.1633,0.6756,43,53.2
宜蘭縣,五結鄉,0.730406122562985,0.664651891649877,0.579818594104308,0.513321096835197,0.332360013740983,0.353256836216247,0,0.456989010018979,0.2051,0.6638,42.8032,55.9
宜蘭縣,冬山鄉,0.731592356687898,0.664079679213556,0.570520855846121,0.527796581485869,0.329731840666493,0.350697150775093,1,0.444718941419337,0.2062,0.6701,42,55.9
宜蘭縣,員山鄉,0.740119760479042,0.660832577923436,0.584129884734327,0.521931674398988,0.335710683668324,0.336224969276368,0,0.413953242915193,0.1739,0.6639,43,54.5
宜蘭縣,礁溪鄉,0.738063950941743,0.654366002388885,0.572679730325751,0.523436528658461,0.32627280847263,0.344539435623835,1,0.443499336900352,0.195,0.6653,43,55.8
宜蘭縣,大同鄉,0.87137049941928,0.810763381105586,0.746120058565154,0.357944732297064,0.206154987022618,0.19812382739212,0,0.839580209895052,0.0697,0.6981,36.6667,53.4
宜蘭縣,南澳鄉,0.855077701481749,0.799636363636364,0.68369917236416,0.258859784283513,0.184300341296928,0.204874333587205,0,0.864641620037304,0.0811,0.6917,34.6591,55.4
宜蘭縣,蘇澳鎮,0.739947408787115,0.675805729632945,0.562812673707615,0.524361696336219,0.325916746465386,0.345079936951137,1,0.478543398455631,0.1608,0.6793,44,55.4
宜蘭縣,羅東鎮,0.716441370638164,0.65932262239197,0.591891720552808,0.499889683865477,0.345472030774163,0.363624674531486,6,0.513221922531491,0.2527,0.6544,39,59.5
宜蘭縣,三星鄉,0.727977375091652,0.683317525555907,0.587143311764082,0.539737532808399,0.317833698030635,0.33913421796824,0,0.459047474594267,0.1677,0.6852,46.3631,54.1
新竹縣,竹北市,0.690795134919921,0.66010296010296,0.613743953229687,0.395610118078971,0.351587744455547,0.362565054314675,4,0.325753918255361,0.433,0.7024,36,102.1
新竹縣,湖口鄉,0.76084631615458,0.703850065378469,0.617003268736867,0.355834136933462,0.287180241105557,0.3050758152333,3,0.388396572827417,0.2379,0.6587,38,61.1
新竹縣,橫山鄉,0.7940899088337,0.728875476493012,0.592233009708738,0.346135534042216,0.260590500641849,0.278764602336374,0,0.426603884638022,0.1671,0.6848,46,67.4
新竹縣,關西鎮,0.785070214338507,0.716691505216095,0.625543071161049,0.356950269622528,0.272857358035849,0.284578696343402,0,0.347181351335757,0.1874,0.6793,45,57.9
新竹縣,新埔鎮,0.770213309490356,0.703801888012414,0.616151866151866,0.360938001927401,0.280132192846034,0.298872180451128,0,0.349449449449449,0.2314,0.6739,43.4244,59.9
新竹縣,峨眉鄉,0.796644984594317,0.7317753749564,0.643931444561035,0.385793871866295,0.245808062789868,0.266810499820209,0,0.51943793911007,0.151,0.7197,50,55.7
新竹縣,尖石鄉,0.86105722599418,0.773648648648649,0.690256907416384,0.395216741405082,0.190756302521008,0.20079185520362,0,0.50132579105533,0.0847,0.6644,34,53.5
新竹縣,新豐鄉,0.759087066779375,0.70125875258024,0.626453133891554,0.373617436564737,0.290108811257465,0.299077679852429,1,0.32906898861353,0.2563,0.6615,37.3995,64.1
新竹縣,寶山鄉,0.736116796288716,0.682592438720399,0.596280087527352,0.383209672987084,0.313209637219607,0.36227253785248,0,0.445583680444302,0.2935,0.6792,42.9677,67.4
新竹縣,五峰鄉,0.837978271138404,0.748582230623819,0.642214860388074,0.344191096634093,0.206190975865687,0.206510138740662,0,0.439899307740718,0.0644,0.7113,40,50.9
新竹縣,芎林鄉,0.754106723803694,0.697936980396182,0.631882862445865,0.351163993792033,0.287570151735606,0.29873391231558,1,0.389301397205589,0.2466,0.6673,42.4538,61.5
新竹縣,北埔鄉,0.770838013929454,0.705405405405405,0.612684031710079,0.367945823927765,0.279699590350478,0.352365787079163,0,0.446901226597805,0.167,0.6812,45,55.9
新竹縣,竹東鎮,0.750995775497888,0.701034432519062,0.626386755419014,0.34293566275703,0.299603809336319,0.30900728059819,3,0.409176186108563,0.2786,0.6617,39,66.1
苗栗縣,三灣鄉,0.79000632511069,0.704964990451941,0.601319509896324,0.361487551213363,0.254372019077901,0.275096525096525,1,0.652440462155152,0.1648,0.7085,47,53.9
苗栗縣,獅潭鄉,0.820230607966457,0.742584745762712,0.62486602357985,0.352480417754569,0.234787291330102,0.264643237486688,1,0.678583250579278,0.1064,0.7297,52,54.1
苗栗縣,三義鄉,0.784650924024641,0.717849295592607,0.617547952306895,0.339214934151643,0.253765932792584,0.279519938056523,4,0.566980308468329,0.1958,0.6713,42.1593,56.9
苗栗縣,苗栗市,0.763702009868817,0.713232431380183,0.629613388876708,0.331748380679751,0.28081957604767,0.314494030142885,9,0.591400762801943,0.267,0.6595,41,63.6
苗栗縣,頭份市,0.760524650269527,0.705349704012278,0.630749217268598,0.360385387040589,0.284244829191514,0.296836283185841,4,0.601973930631508,0.2543,0.671,38,62.2
苗栗縣,卓蘭鎮,0.769676484789957,0.691571586308428,0.614291012486092,0.434287071114805,0.276724137931035,0.289620190523321,2,0.597597864768683,0.1695,0.6887,44.9157,54
苗栗縣,通霄鎮,0.775698522294638,0.698559603728084,0.615479916536255,0.45524262858654,0.292797069994574,0.309216777521379,1,0.413783559368946,0.1675,0.6754,44,53.4
苗栗縣,苑裡鎮,0.77821103072442,0.696584628466153,0.607718264341049,0.476109537299339,0.276960076960077,0.300341461068629,4,0.524711485620077,0.1747,0.6652,41,52.5
苗栗縣,竹南鎮,0.747873829260416,0.69403267690976,0.618712656165128,0.411688100276738,0.307436700170264,0.320079903677758,9,0.521324303299318,0.2757,0.6678,37.7051,63.5
苗栗縣,大湖鄉,0.781605611847233,0.704078406576035,0.608252349848654,0.357769423558897,0.268554062699936,0.304801670146138,2,0.598132918426317,0.1546,0.6946,46,55.2
苗栗縣,西湖鄉,0.787259259259259,0.704271961492178,0.596316425120773,0.363827234553089,0.280569007263923,0.301374045801527,1,0.569551152446421,0.1519,0.7132,49,58.3
苗栗縣,南庄鄉,0.788152120916626,0.690846286701209,0.583497536945813,0.372466633712308,0.269040553907023,0.292209388056033,7,0.645752895752896,0.1196,0.692,46,51.8
苗栗縣,後龍鎮,0.768791863061275,0.679945140577271,0.587531328320802,0.454946831664697,0.29271380641894,0.316963437044547,2,0.425202456171576,0.1713,0.6723,42.2734,55.4
苗栗縣,造橋鄉,0.780713342140026,0.702293882978723,0.605188284518829,0.382718120805369,0.272650439486139,0.286486486486487,3,0.581142931868707,0.1914,0.6824,43,55.9
苗栗縣,頭屋鄉,0.780358667805295,0.73713298791019,0.618635261517146,0.391028933401815,0.274727178243548,0.292661820699204,2,0.637436099095556,0.1828,0.6907,44.86,58.3
苗栗縣,銅鑼鄉,0.771771037181996,0.708703155818541,0.591617210682493,0.356062454257136,0.268005879470848,0.287994107537442,4,0.570720274046696,0.1883,0.6789,44,57.5
苗栗縣,公館鄉,0.767978803936412,0.692956666240573,0.588886046809055,0.373835948462814,0.272399819900946,0.295346445558555,3,0.592750423576526,0.2101,0.6679,41.9947,59.6
苗栗縣,泰安鄉,0.814504045549895,0.721804511278195,0.619323377019201,0.333127317676143,0.222392168858978,0.237832874196511,21,0.629506008010681,0.0838,0.7135,42,57.9
彰化縣,二林鎮,0.774554091184278,0.710675752413402,0.619478570758698,0.429629974834561,0.267860526814478,0.305392926840878,1,0.0500050138717117,0.1596,0.6811,42,55.6
彰化縣,田尾鄉,0.77117020461338,0.694302523610466,0.617799829444143,0.450022751403003,0.279163439194423,0.300606343283582,0,0.0540409548043136,0.1812,0.6629,41,53.2
彰化縣,田中鎮,0.777218152218152,0.696741983632714,0.626320106633856,0.441520165460186,0.273092579062728,0.303737580823214,1,0.0476690025596912,0.2078,0.6602,41.6825,56.5
彰化縣,彰化市,0.740671241689899,0.688518978904322,0.62241444832516,0.450582392776524,0.318575133069469,0.320984842964366,8,0.0646365669995904,0.2759,0.6499,39,58.2
彰化縣,北斗鎮,0.774850377309394,0.716130732735899,0.622165253401696,0.451474878444084,0.295014856388247,0.321558993426731,0,0.053589377347511,0.2102,0.6602,39.5115,55.7
彰化縣,花壇鄉,0.769072717527247,0.710651685393258,0.642074771431158,0.443428728926455,0.293105833525478,0.285688056550078,0,0.0509967893675801,0.2131,0.6492,39.3824,51.7
彰化縣,線西鄉,0.770483588073165,0.699554990464081,0.603838332486019,0.435623665368672,0.324642126789366,0.295246568378241,0,0.030926819659214,0.1852,0.6608,39,49.4
彰化縣,大村鄉,0.762454469038947,0.691111746213204,0.609661615586191,0.444249985886072,0.276055371238989,0.314465408805031,0,0.0554165339642386,0.1978,0.6603,39.5842,53.5
彰化縣,二水鄉,0.777416417327956,0.720042277711719,0.656175928364498,0.486286234238919,0.296923283622195,0.28897542634618,0,0.0355365319530161,0.168,0.6888,46.3382,54.9
彰化縣,埔鹽鄉,0.790886899918633,0.722197551227558,0.621240719768466,0.406750788643533,0.251048417842165,0.271238095238095,1,0.0447661998575837,0.1858,0.6764,41,51.9
彰化縣,埔心鄉,0.765150204693536,0.689615139025948,0.599755842343914,0.457242178447277,0.290260422749037,0.308726401309252,0,0.049471639103445,0.1937,0.6621,40,52.1
彰化縣,芬園鄉,0.772571851030404,0.708019578313253,0.611392167884579,0.443916083916084,0.308496608892238,0.290359492705254,0,0.0462879678959386,0.1653,0.6785,42.2467,50.5
彰化縣,永靖鄉,0.770560590802283,0.693196697978935,0.599320498301246,0.454704619902858,0.304029304029304,0.324173932996788,0,0.0534894191805493,0.1963,0.6587,40,52.4
彰化縣,竹塘鄉,0.783409436834094,0.680499219968799,0.580191594561187,0.465415468442561,0.266002180345741,0.287552974415319,0,0.0435050910212897,0.131,0.71,44.3878,56.3
彰化縣,大城鄉,0.804291044776119,0.712863705972435,0.615267755412078,0.450696378830084,0.241156333206542,0.264053537284895,0,0.0352105530187722,0.0886,0.7354,46.35,52.9
彰化縣,埤頭鄉,0.772634552016319,0.677572599800782,0.608972863696447,0.44972467375726,0.288220160598737,0.303941582914573,0,0.048610714897016,0.1723,0.69,40.9029,54.6
彰化縣,芳苑鄉,0.789125366624051,0.713182942366784,0.610142630744849,0.492860803983305,0.25114085792516,0.283684657555401,0,0.0487935136184881,0.1132,0.7077,44.3386,50.7
彰化縣,溪州鄉,0.780992066672009,0.701382113821138,0.597123464770524,0.501749363867685,0.312505158893933,0.313148071339693,0,0.0467989935700308,0.1499,0.6879,42.5978,53.9
彰化縣,鹿港鎮,0.770741970645644,0.696350252635359,0.613338473400154,0.479687060568098,0.285933597002498,0.300031261397384,2,0.0236914941958938,0.2051,0.6559,38,52
彰化縣,社頭鄉,0.771388847509807,0.708733974358974,0.585254839193718,0.468367651447329,0.281226286234634,0.299033254036544,1,0.0435422885572139,0.2001,0.6615,40,52.4
彰化縣,員林市,0.74849744074477,0.686303939962477,0.607361963190184,0.431101620399447,0.304498896087444,0.312788933834152,2,0.0564982059234933,0.2647,0.6491,39,58.4
彰化縣,和美鎮,0.747160337347048,0.685359089139743,0.601696780029828,0.438553276589518,0.305500982318271,0.318190752297184,1,0.0348526004633698,0.2224,0.6507,38.1472,52.6
彰化縣,福興鄉,0.773422282820413,0.70842947616476,0.631653551004448,0.494274809160305,0.281907224183364,0.317084100980929,0,0.0280210157618214,0.1875,0.6571,39,50.4
彰化縣,溪湖鎮,0.75992974332362,0.690886351716626,0.613914434226309,0.428685227227466,0.286071255843947,0.311311594789222,0,0.0469956467859299,0.2129,0.6537,38,55.6
彰化縣,秀水鄉,0.758437041465138,0.693835015357613,0.61555348224576,0.455216588861144,0.294663060875324,0.309218914573979,0,0.036567229463739,0.2145,0.6556,38.0721,52.8
彰化縣,伸港鄉,0.755857944837686,0.683033784201099,0.601745805732681,0.439343657817109,0.290330568280302,0.307969439095596,0,0.0291579745875213,0.1853,0.6606,37.558,49.7
南投縣,中寮鄉,0.801673640167364,0.713437057991514,0.591210029581631,0.447634900818421,0.264222503160556,0.274667797568561,0,0.68401340429726,0.1197,0.7091,48.5848,49.3
南投縣,仁愛鄉,0.826616410553784,0.750215084599943,0.636086071532422,0.353478773584906,0.269400352733686,0.250554323725055,0,0.8278739184178,0.0946,0.69,37,56
南投縣,集集鎮,0.766482994489835,0.685135651509362,0.574668460503556,0.416666666666667,0.282633808240277,0.300153727901614,0,0.667132476243712,0.1605,0.6932,46.3654,57.6
南投縣,南投市,0.763864588843227,0.703806737987604,0.627297070787596,0.412777562941404,0.279475533816971,0.297428213706615,6,0.664780667371076,0.2528,0.649,41,58
南投縣,埔里鎮,0.780999920766976,0.702815460809647,0.609898301474895,0.383301409042009,0.263821506637522,0.291878580223781,3,0.680740660996878,0.1802,0.6484,42.9468,51.4
南投縣,水里鄉,0.780749969463784,0.708158737983732,0.601577909270217,0.411507647487254,0.272850790513834,0.286806411837238,0,0.677241624455701,0.1431,0.6778,47,51.4
南投縣,鹿谷鄉,0.798027127003699,0.709460301632806,0.581761399125547,0.416524908869988,0.318740592072253,0.28259250062081,0,0.704317789291883,0.161,0.715,48,54.7
南投縣,國姓鄉,0.801651023408346,0.718735737106344,0.603986634404885,0.397435897435897,0.25912865430554,0.258373205741627,1,0.663087685049618,0.1183,0.6911,47.4924,47.8
南投縣,竹山鎮,0.781317209755306,0.712650234263598,0.589471536421139,0.436906811901806,0.268415658946505,0.310667215815486,2,0.661023302305241,0.17,0.6801,43.0767,53.1
南投縣,信義鄉,0.85000616750956,0.782036828260053,0.707582582582583,0.402509516424644,0.22943949711891,0.192388727943113,0,0.783617612058707,0.1121,0.6519,37,55.4
南投縣,名間鄉,0.770082662144977,0.703082574668583,0.613475366178429,0.463282147707093,0.2696838850685,0.291139240506329,0,0.626960266514992,0.1629,0.6763,44,52.3
南投縣,草屯鎮,0.757246688456907,0.690995610794837,0.602102297355873,0.421657449052056,0.285850985168109,0.313624678663239,1,0.527580402232657,0.2276,0.653,41,56.6
南投縣,魚池鄉,0.785063752276867,0.701278628635661,0.570070921985816,0.424678378752248,0.311139204944515,0.300495399858457,1,0.667581609646113,0.1343,0.6876,46.463,49.9
雲林縣,褒忠鄉,0.749589640707642,0.671598173515982,0.57975797579758,0.497273526824978,0.309693971046362,0.329589394218376,0,0.524941931202301,0.1472,0.6924,45,56
雲林縣,臺西鄉,0.783361064891847,0.715570857396713,0.613203317641784,0.462604487461505,0.261707676607325,0.288094966328045,0,0.610984298263817,0.1291,0.719,45.5586,58.1
雲林縣,大埤鄉,0.786278381046397,0.685977125808056,0.584856396866841,0.50744083922908,0.298319866615365,0.323394495412844,0,0.52384100487563,0.1521,0.6912,44,53.3
雲林縣,水林鄉,0.793080579197524,0.699855378796307,0.592180616740088,0.570245334451667,0.317075943610732,0.308265504986816,0,0.442066136887977,0.118,0.7134,48.2857,53.8
雲林縣,東勢鄉,0.777994791666667,0.693646363487112,0.594536778015468,0.509996775233796,0.300983825245956,0.295420231504781,0,0.558424980361351,0.1243,0.7213,47.1489,58.5
雲林縣,元長鄉,0.781327576902321,0.697199913175602,0.601493183293659,0.52331223628692,0.286602977116196,0.305486845064088,0,0.509572531542276,0.1205,0.7232,48,53.9
雲林縣,麥寮鄉,0.763418903150525,0.69147186655703,0.596414132536474,0.439550140581068,0.290775083214456,0.295773802377236,0,0.642588536716393,0.165,0.6721,37,62.8
雲林縣,崙背鄉,0.772703684483653,0.696422951851463,0.60121098235724,0.505878744504652,0.308182784272051,0.312432197873725,0,0.529779729819658,0.1368,0.7004,44.7279,56.4
雲林縣,四湖鄉,0.773136246786632,0.706188247529901,0.590801886792453,0.517137096774194,0.273237179487179,0.294504903936585,0,0.495883175392264,0.1135,0.7222,47.804,55.2
雲林縣,口湖鄉,0.799433160132263,0.700360326190025,0.608526395746297,0.542896551724138,0.282349491790461,0.293568973981345,0,0.521420047732697,0.1193,0.7061,45,50.6
雲林縣,北港鎮,0.763718380631531,0.690378739839742,0.604363888247518,0.508527572484366,0.315055598046714,0.324807578448786,0,0.476023830354539,0.1969,0.6675,43,58.8
雲林縣,莿桐鄉,0.759616906759538,0.686626429479034,0.592746445119029,0.514995715509854,0.308978730313363,0.327958302793387,0,0.456631660832361,0.1683,0.6827,42,54.6
雲林縣,土庫鎮,0.760209598269983,0.689526494734223,0.595127707999663,0.49400281247415,0.299889276892939,0.326419120785318,0,0.56427100150309,0.1628,0.6915,42.2415,57.3
雲林縣,二崙鄉,0.766532489936745,0.681564792176039,0.587920116902095,0.55165763614657,0.300907911802853,0.327074802756417,0,0.457730061349693,0.1346,0.7055,45.5301,56.2
雲林縣,古坑鄉,0.772899926953981,0.695236705813699,0.607894736842105,0.467330878636922,0.283689522113387,0.310190703218117,0,0.528419508617528,0.1675,0.6925,45,55.6
雲林縣,林內鄉,0.774295817583222,0.694512493875551,0.601156780703913,0.45991922653286,0.307335423197492,0.320378548895899,0,0.479523591387998,0.1677,0.6691,42,52.5
雲林縣,斗南鎮,0.761261908181339,0.697244591054623,0.60803105084096,0.463293698551004,0.307847776791876,0.324349625541979,3,0.507415933879307,0.2178,0.6633,42,56.6
雲林縣,斗六市,0.743873533665435,0.684399451480197,0.605343403542075,0.428602926438164,0.300665703059791,0.316046008891789,1,0.537409034508199,0.2586,0.6532,39.3626,60.2
雲林縣,虎尾鎮,0.748543299176211,0.676789514576225,0.591481744182119,0.445571802778607,0.301818922220714,0.326939456917993,7,0.542665412673801,0.2255,0.6667,40,63.5
雲林縣,西螺鎮,0.733918280463112,0.682814971006853,0.591149515579995,0.505090094675761,0.307853234631477,0.331028522039758,2,0.456495513835482,0.1791,0.6737,41,58
嘉義縣,水上鄉,0.776855076346102,0.688681793625068,0.617347167946818,0.507803013267371,0.30357725852339,0.314806997795601,1,0.334893002133076,0.1706,0.6579,44,55
嘉義縣,六腳鄉,0.795641931684335,0.709821428571429,0.621515368120086,0.559772969137992,0.297085908918885,0.327133757961783,0,0.215952604580594,0.1309,0.7085,50,54.8
嘉義縣,溪口鄉,0.77360248447205,0.72534430900744,0.633586602574043,0.574343122102009,0.326451829472978,0.343400067865626,0,0.215835475578406,0.1366,0.6932,47.9677,53.4
嘉義縣,太保市,0.756040433925049,0.687167100210579,0.608993995833844,0.497443164315199,0.310506085842409,0.334380207665684,0,0.281476689922839,0.1898,0.6622,39.7135,62.9
嘉義縣,大林鎮,0.772319425751458,0.691373025516404,0.604054458408139,0.503274296770353,0.302632594765691,0.327806022682831,0,0.290782422293676,0.1899,0.6781,45.7189,58
嘉義縣,布袋鎮,0.785264885565788,0.714207550610979,0.632279230839333,0.503573342862248,0.272615326323766,0.291870152255099,0,0.308598998412117,0.1424,0.7004,46.3266,55.7
嘉義縣,朴子市,0.765413791136714,0.693770415305646,0.619195046439629,0.514450867052023,0.298170331962572,0.323843628767532,2,0.264005811717448,0.2045,0.6636,42,61.3
嘉義縣,義竹鄉,0.76962628542764,0.702007205352548,0.629502354588265,0.541549036455137,0.29722554095314,0.328653563310603,0,0.190423601798533,0.1415,0.7216,50,54.7
嘉義縣,鹿草鄉,0.760791366906475,0.687140439932318,0.611394697842911,0.558024296675192,0.316414315209911,0.348829080741,0,0.261320464113359,0.1383,0.7153,50,54.2
嘉義縣,東石鄉,0.808857808857809,0.724717779868297,0.646319781913002,0.531914893617021,0.256533266001767,0.276312452447375,0,0.21880353594189,0.1056,0.7195,46.1766,51.5
嘉義縣,中埔鄉,0.769740909346372,0.69358589009244,0.608074673864148,0.507346635412498,0.295560403278109,0.315920545508449,0,0.312956756975007,0.1639,0.6687,43,54.2
嘉義縣,大埔鄉,0.759827420901246,0.703864734299517,0.608943862987631,0.464030490709862,0.29622458857696,0.312161496799606,0,0.283641975308642,0.1327,0.7063,43,53.3
嘉義縣,民雄鄉,0.75849224793862,0.689161751909504,0.616626182562005,0.515431106538931,0.316416927383501,0.3352626151748,1,0.302514516410397,0.2044,0.6513,41.5077,57.7
嘉義縣,竹崎鄉,0.785297325036885,0.711537232342602,0.621058051229244,0.500775594622544,0.279757946535444,0.297349882589735,0,0.285701328737926,0.1454,0.6882,45.2546,53.9
嘉義縣,梅山鄉,0.776126126126126,0.696767631103074,0.628059095522725,0.497821600550333,0.289782048277478,0.307294117647059,0,0.272388651133302,0.1533,0.7027,47,56.1
嘉義縣,新港鄉,0.771955981540646,0.690770694576594,0.61724212499099,0.575625220147939,0.315309200603318,0.334957840179469,0,0.214846288427893,0.1594,0.6817,44.6019,58.5
嘉義縣,阿里山鄉,0.826473339569691,0.717473884140551,0.604640151515152,0.320691310609698,0.210500963391137,0.21078431372549,0,0.344054293301859,,,,
嘉義縣,番路鄉,0.794838470107687,0.720585440030412,0.616281255875165,0.456468826062535,0.257991299413656,0.275412351361718,0,0.341357269141847,0.145,0.7034,46.6806,53.9
屏東縣,佳冬鄉,0.772364924712135,0.676958407757081,0.622860791826309,0.569868727763465,0.324186855842591,0.338800752890562,0,0.356671495251891,0.1378,0.6795,46.1159,54.6
屏東縣,瑪家鄉,0.79174637879202,0.739644970414201,0.672199170124481,0.338377723970944,0.255862273671713,0.259970457902511,0,0.50321199143469,0.1019,0.6425,38.7727,58.3
屏東縣,屏東市,0.741127944973835,0.68645584725537,0.618291220951678,0.464878497665383,0.312534196342301,0.341911893144527,13,0.439572953736655,0.2684,0.6363,42,61.3
屏東縣,高樹鄉,0.753604193971166,0.667439282475058,0.592668232410906,0.575643321707984,0.320234113712375,0.340180255711591,2,0.327116386096645,0.1118,0.7027,48.9268,51.4
屏東縣,竹田鄉,0.771179250999879,0.675532555060778,0.61396429444852,0.541148608644168,0.309460317460317,0.394362683961088,0,0.347287887905098,0.1713,0.6755,47,57.6
屏東縣,鹽埔鄉,0.768113310332304,0.676097207109177,0.598495402619114,0.504713560551124,0.30316826163709,0.320141870449879,0,0.388454706927176,0.1455,0.6629,42.5909,53.4
屏東縣,南州鄉,0.757362090418913,0.673699914748508,0.589270568278202,0.560625,0.349122807017544,0.356466181978409,0,0.411316648531012,0.1557,0.6776,46.05,56.8
屏東縣,林邊鄉,0.783382425135002,0.704562178072112,0.631159597940672,0.572655690765927,0.298274549606699,0.350990853658537,0,0.37306052855925,0.1524,0.6814,45,55.5
屏東縣,崁頂鄉,0.745020576131687,0.677924217462932,0.610740493662442,0.546623794212219,0.324582338902148,0.342575267902705,0,0.371109061563293,0.1641,0.6539,39.1694,54.4
屏東縣,車城鄉,0.748838752488387,0.64136302294197,0.572295247724975,0.554093097913323,0.335994446372787,0.356145251396648,0,0.322150072150072,0.104,0.6773,47,53.2
屏東縣,滿州鄉,0.764785859959211,0.662646450723639,0.569000679809653,0.498356344510191,0.309166957127919,0.336685159500694,0,0.363139683117829,0.0951,0.6733,46.0776,52.4
屏東縣,春日鄉,0.759598346131128,0.673951565268754,0.644117647058824,0.372132540356839,0.325056433408578,0.334092634776006,0,0.540616246498599,0.0735,0.651,36.8636,55.5
屏東縣,枋山鄉,0.774534686971235,0.686174724342663,0.615811965811966,0.543310288735258,0.303111111111111,0.311453744493392,0,0.343246592317224,0.0893,0.6871,45,51.8
屏東縣,新園鄉,0.762748859051525,0.682342032057226,0.610858821958061,0.568343911535693,0.300040905372239,0.328191416426711,0,0.375252710898732,0.1492,0.6596,42,54.5
屏東縣,霧臺鄉,0.78498609823911,0.748161764705882,0.72089825847846,0.300946372239748,0.242815249266862,0.254556143445032,0,0.442398119122257,0.1203,0.6586,42.2391,57.6
屏東縣,三地門鄉,0.777952755905512,0.713153724247227,0.664118112312154,0.358712472918601,0.275801234930903,0.29263220439691,0,0.543559894855426,,,,
屏東縣,泰武鄉,0.792555113841706,0.715532921062204,0.639927404718693,0.325019794140934,0.244668476153548,0.267406273909717,0,0.455488803932277,0.0814,0.6635,37,58.4
屏東縣,牡丹鄉,0.745924676784711,0.684567552289429,0.583426651735722,0.363848396501458,0.30586186883343,0.333919156414763,8,0.530380125710865,0.1127,0.6708,41,59
屏東縣,獅子鄉,0.825849277625927,0.759106933019976,0.708040593286495,0.281960586154624,0.235267245317497,0.240825688073395,1,0.618510158013544,0.0747,0.6803,40,61.2
屏東縣,來義鄉,0.804789752158173,0.740782122905028,0.681767023072594,0.265703332350339,0.226436781609195,0.237503611672927,25,0.543071921982934,0.0902,0.6597,39.8889,54
屏東縣,麟洛鄉,0.739184618123554,0.657352677771807,0.639134355275023,0.534799168975069,0.316526610644258,0.374120696038504,0,0.343113284433578,0.2264,0.6674,46.3476,61
屏東縣,長治鄉,0.753754853835446,0.687132784958872,0.610300111152279,0.496278281376667,0.331121333232788,0.343240579270604,0,0.381431398416887,0.2042,0.6566,44,59.8
屏東縣,潮州鎮,0.764662405982349,0.70226287088325,0.625720926228803,0.500319379977005,0.298344487495597,0.317650174339056,2,0.421689980208648,0.2081,0.6446,42,58.6
屏東縣,九如鄉,0.761445288441798,0.687105126877266,0.609861683032415,0.581929402326514,0.308336914482166,0.315609286402054,0,0.287376255509791,0.1676,0.6586,42,55.2
屏東縣,萬丹鄉,0.76611815484219,0.690444877783321,0.618336302590106,0.52637557362897,0.306933946763063,0.339949085423345,0,0.369828406443781,0.1786,0.6575,41.0014,57
屏東縣,恆春鎮,0.752668416447944,0.669750638822804,0.566199170856488,0.486291362269016,0.320386627649198,0.325899600177699,1,0.392865483418963,0.1403,0.668,40.9979,52.5
屏東縣,枋寮鄉,0.783654297792391,0.697286602600339,0.613815352500237,0.512771216698709,0.287971558364606,0.320593840906811,0,0.476710789210789,0.1369,0.678,45,54.8
屏東縣,里港鄉,0.745959241040056,0.671963778409091,0.59598549827571,0.553211559900523,0.333821510297483,0.3335178011437,0,0.330848835776765,0.1794,0.6763,41,56.9
屏東縣,萬巒鄉,0.777245782033744,0.706575185820469,0.58228138627496,0.566479820627803,0.31345269779821,0.34179829890644,0,0.302432918720175,0.1528,0.6726,45,55.1
屏東縣,新埤鄉,0.788370998116761,0.683460076045627,0.606541834557952,0.537597432370472,0.289118921521425,0.316314125942135,0,0.395221133867616,0.1089,0.692,47.3831,53.3
屏東縣,東港鎮,0.766160172508901,0.692011744456819,0.598971591487629,0.534375466719769,0.297520229705038,0.316718913270637,0,0.451936815367519,0.1727,0.6486,40,55.2
屏東縣,琉球鄉,0.813879408418658,0.729950158586316,0.635767578566584,0.454072398190045,0.241199182375653,0.23509485094851,0,0.661987491313412,0.1247,0.6973,42,54.2
屏東縣,內埔鄉,0.762206808432965,0.698105436573311,0.609780713826957,0.518945189451895,0.305777650866172,0.322266089521001,0,0.351331822511249,0.1864,0.6563,44.5186,56.2
臺東縣,關山鎮,0.771057094403618,0.703191188929681,0.603192702394527,0.374824782730586,0.2625,0.29706390328152,0,0.593174846625767,0.1461,0.6533,45,55
臺東縣,綠島鄉,0.712710765239948,0.681847755367599,0.617647058823529,0.340983606557377,0.316239316239316,0.310092961487384,0,0.638669438669439,0.2087,0.6391,39,69.8
臺東縣,池上鄉,0.779173553719008,0.684669573968467,0.56837891927952,0.412571793235482,0.272212978369384,0.301111485348602,0,0.560051936810214,0.1133,0.6772,46.75,52.6
臺東縣,金峰鄉,0.793659043659044,0.743348982785602,0.672071129707113,0.295994993742178,0.27125748502994,0.278527607361963,0,0.711414790996785,0.1025,0.6322,37.9286,59.9
臺東縣,蘭嶼鄉,0.753094059405941,0.624765478424015,0.535423197492163,0.428856382978723,0.276158940397351,0.304582210242588,0,0.473413379073756,0.1501,0.595,36,60.6
臺東縣,延平鄉,0.812002449479486,0.717948717948718,0.659627329192547,0.321056289089646,0.236718224613315,0.230557467309016,0,0.716360529688167,0.1142,0.6271,37.5,55.7
臺東縣,東河鄉,0.792285804615871,0.730153649167734,0.628553379658876,0.397768296685264,0.263457037780007,0.284686536485098,0,0.573608247422681,0.0902,0.6763,49,50.4
臺東縣,長濱鄉,0.797572435395458,0.730394069449863,0.635473766640564,0.388679245283019,0.23864118895966,0.256709956709957,0,0.582526681558699,0.0764,0.6741,50.0984,48.7
臺東縣,大武鄉,0.799382716049383,0.724671307037896,0.736170212765957,0.388205345778532,0.266066838046273,0.27580225498699,0,0.608208955223881,0.1005,0.6669,43,54.1
臺東縣,卑南鄉,0.777672530446549,0.706955219817613,0.621009549795362,0.418808091853472,0.273184357541899,0.298980747451869,0,0.574843655436756,0.1155,0.648,44,54
臺東縣,海端鄉,0.813898704358068,0.715969357690041,0.595719381688466,0.325451151213441,0.215073529411765,0.233270794246404,0,0.725327510917031,0.0998,0.6083,35,58.9
臺東縣,成功鎮,0.813767990289579,0.745442036463708,0.615648005478514,0.349955317247542,0.21626045834849,0.228458794818847,0,0.592098308668076,0.0972,0.6723,46.0302,52.3
臺東縣,達仁鄉,0.804226918798665,0.737896494156928,0.680767061477721,0.311246200607903,0.221364985163205,0.232501521606817,0,0.67497034400949,0.0914,0.6515,42,58.8
臺東縣,臺東市,0.773720417081296,0.7166351236703,0.630070143336383,0.371749978114331,0.266853128372277,0.289528224099124,1,0.548414302029342,0.2079,0.6337,41,60.2
臺東縣,鹿野鄉,0.753094910591472,0.679394564843481,0.581211286992429,0.444181326116374,0.297111416781293,0.313177210765467,0,0.508095440988496,0.1128,0.6759,46.3125,54.1
臺東縣,太麻里鄉,0.815810276679842,0.751784298176051,0.667854315122724,0.414917883211679,0.25166017861232,0.267054714784633,0,0.621309558608594,,,,
花蓮縣,新城鄉,0.776735247569523,0.71522577717268,0.601140250855188,0.364432813744453,0.270715030710395,0.285368105238865,3,0.693770672546858,0.1692,0.6457,40.0094,60.9
花蓮縣,花蓮市,0.762805909552272,0.703535480336886,0.628823448967498,0.352101470688519,0.280717096633144,0.299349638178987,21,0.640739642044893,0.262,0.6446,40.4204,60.3
花蓮縣,鳳林鎮,0.8,0.722467845659164,0.620821586790173,0.361344537815126,0.254508196721311,0.272260976610587,0,0.741825208085612,0.1439,0.6874,49,53.9
花蓮縣,豐濱鄉,0.773464373464373,0.709661598822953,0.621515892420538,0.393271461716937,0.279861511829198,0.301100173711639,0,0.757743023612389,0.0638,0.6721,48.1364,48.7
花蓮縣,壽豐鄉,0.783199134719385,0.707084301969901,0.60601285004243,0.395354583642204,0.268580661198111,0.292958095710389,1,0.69605090772974,0.1497,0.6749,46,52.4
花蓮縣,光復鄉,0.808928571428572,0.73510524438102,0.629129662522202,0.359132548139839,0.239063699155794,0.257860429447853,2,0.752355142599045,0.119,0.6645,48.2247,51.6
花蓮縣,吉安鄉,0.780769650059959,0.711593564029094,0.616670308062049,0.343931671029067,0.260518652059354,0.282285430518388,4,0.668291882515647,0.2252,0.644,42,58.7
花蓮縣,瑞穗鄉,0.815504193086521,0.731833195706028,0.619741774260725,0.362131182339206,0.225608419206314,0.247492368076755,0,0.736764705882353,0.1231,0.6604,47,52
花蓮縣,玉里鎮,0.81000106621175,0.733746792130026,0.636490549828179,0.363933686703507,0.261623234990242,0.273451730418944,2,0.739105965589323,0.1418,0.6319,46,55.7
花蓮縣,秀林鄉,0.785251215559157,0.699565986175856,0.599485282290494,0.395059653839691,0.266822118587608,0.281395348837209,2,0.784605146406389,0.0995,0.6103,34.86,52.7
花蓮縣,萬榮鄉,0.808988764044944,0.719727891156463,0.628852014900102,0.3725782414307,0.248787765759045,0.251695553880934,0,0.810776625347837,0.0957,0.6057,36,51.9
花蓮縣,富里鄉,0.796488427773344,0.694444444444445,0.562136435748281,0.390269421919958,0.245232339511147,0.277434934263483,0,0.753868708258674,0.0906,0.6793,48,49.5
花蓮縣,卓溪鄉,0.821196827685652,0.752543604651163,0.618656182987848,0.312179739850217,0.215402658326818,0.226130653266332,1,0.857265446224256,0.102,0.6199,36.6351,53.8
澎湖縣,白沙鄉,0.797953964194373,0.722815113931353,0.661070911722142,0.433153562304854,0.262986049272781,0.283363255535607,0,0.370771569745344,0.1569,0.6915,43.8274,63.7
澎湖縣,望安鄉,0.783606557377049,0.703601108033241,0.656441717791411,0.472911963882619,0.29324644549763,0.291093843395099,0,0.277466182777961,0.1587,0.6912,46,65.6
澎湖縣,七美鄉,0.737322515212982,0.664602683178535,0.582718651211802,0.455683003128259,0.33651804670913,0.346808510638298,0,0.483903420523139,0.1682,0.6877,42,61.5
澎湖縣,馬公市,0.756720430107527,0.702835072071355,0.634081004358083,0.393385552654482,0.292273963704275,0.307930052867019,4,0.400951814396193,0.246,0.6237,39,70.1
澎湖縣,湖西鄉,0.785248649655429,0.725852005272077,0.631082610335722,0.447638227755401,0.280800621842208,0.28808918443184,0,0.305545171339564,0.1718,0.6621,43,64.4
澎湖縣,西嶼鄉,0.781833616298812,0.704960835509138,0.624295010845987,0.494667760459393,0.291593695271454,0.299737072743208,0,0.369983376870102,0.1365,0.7038,45.1102,59.6
基隆市,七堵區,0.725943714189417,0.671533773489081,0.613967636993536,0.45073008282811,0.337764924245694,0.346696073343712,2,0.414607455521039,0.2115,0.6426,42,57.1
基隆市,信義區,0.715477450772814,0.668234596152216,0.609579409383389,0.399452804377565,0.331479325658604,0.340354671280277,3,0.492773472697783,0.2502,0.6346,43.5365,60.1
基隆市,中正區,0.743262752646776,0.676747116409809,0.59882392963017,0.430971052376803,0.322752111276701,0.346310255901607,4,0.45985066053992,0.2026,0.6409,44.3246,56.9
基隆市,暖暖區,0.716753926701571,0.662788668489326,0.606674892766908,0.424888156345656,0.348542831910509,0.348992091336148,3,0.454868304232021,0.2188,0.638,42,59.8
基隆市,安樂區,0.711141060197664,0.664077339608199,0.597411831626849,0.418811153215316,0.353165783324785,0.352395672333849,1,0.441393072646933,0.2366,0.6408,42,61.9
基隆市,中山區,0.724762357414449,0.669043115573015,0.603121516164995,0.445715962441315,0.335021097046414,0.341481444975605,2,0.443220174587779,0.1911,0.6335,44.0334,57.5
基隆市,仁愛區,0.725525493725843,0.674272858749799,0.606888108165655,0.466387223430785,0.337022628897047,0.35142715723478,3,0.430933682373473,0.2175,0.6586,44,57.4
新竹市,北區,0.710585921201645,0.671247847892806,0.609555214262053,0.425185650976165,0.333742387055722,0.348271933156096,9,0.269292864061995,0.3194,0.6629,39,67.8
新竹市,香山區,0.729859027345298,0.67555871886121,0.61205590647955,0.435106262075236,0.322326497508979,0.333969300147429,0,0.249468512306893,0.2756,0.666,38.2216,64.4
新竹市,東區,0.679701905347265,0.64836945736776,0.60639274456672,0.407825865636792,0.363946032594176,0.364558173703015,14,0.28626663911927,0.4233,0.6719,37.3224,88.6
嘉義市,東區,0.716572800295448,0.672143029717323,0.622851176492523,0.479990311882848,0.338067586863398,0.354634979747759,10,0.429580209193933,0.2997,0.6366,41,64
嘉義市,西區,0.732293119568383,0.679249356216558,0.624169884169884,0.502835655282949,0.317298548151905,0.332398339196856,1,0.385653682992673,0.2482,0.6392,39.8896,60.2
臺北市,大同區,0.654446696123052,0.614258924385507,0.573314300109161,0.521999637866043,0.399353506634173,0.408518286169654,6,0.293656742804611,0.3297,0.6558,42,65
臺北市,大安區,0.645903887895135,0.626823086290391,0.595121327135486,0.409881164294409,0.379592881833312,0.388738972865595,60,0.453419848285374,0.5283,0.6782,43.4713,86.1
臺北市,內湖區,0.643782633919938,0.620385974854961,0.59399271890021,0.423428974425597,0.390856619606254,0.395603898940898,5,0.406851569160009,0.4137,0.6606,39.9311,77.3
臺北市,中正區,0.657525019245574,0.630591809957876,0.593723165563281,0.426060348258024,0.371804297465633,0.383698972507637,29,0.414713223059607,0.4746,0.6763,41.6247,81.6
臺北市,文山區,0.662445551427678,0.640716098497839,0.604704835951817,0.385833656470731,0.366319057536099,0.377154130172791,18,0.467184807263959,0.4236,0.6654,41.4738,76.3
臺北市,士林區,0.658983530814517,0.622891847347547,0.589656941133875,0.475924586815366,0.386348383160464,0.395540774529173,20,0.361193952773797,0.3734,0.6621,42,69.9
臺北市,北投區,0.659783550898152,0.629814372135972,0.591040925343931,0.457157565098022,0.383416153415454,0.388966798723837,17,0.387597185680078,0.3664,0.6646,41.2402,69.9
臺北市,中山區,0.644961787402379,0.618974272805347,0.580052468934096,0.465802017514688,0.391851949470038,0.39943337461068,41,0.380293033737116,0.4182,0.6584,43.1065,73
臺北市,萬華區,0.677350791648197,0.634299345160957,0.583994033618266,0.47465651794715,0.371880797773655,0.385667707088405,4,0.366471106730232,0.2926,0.6589,43.5458,61.5
臺北市,松山區,0.650645653698585,0.629779921740751,0.598159541026466,0.419882296149461,0.382047972016324,0.388007531702851,22,0.429959303996366,0.4795,0.6747,43,81.4
臺北市,信義區,0.663735854328692,0.631863802645155,0.591964361396536,0.423211112454993,0.372876081995964,0.379940360675912,14,0.435929546739921,0.4174,0.6663,43,72.9
臺北市,南港區,0.660432798672566,0.62207136640557,0.58114257709945,0.439914610017703,0.383895163981942,0.392616445828714,4,0.390711641666791,0.3563,0.6679,40.72,68.9
高雄市,前鎮區,0.735746732675394,0.690653100628044,0.638843396492446,0.495393170037825,0.325431515097453,0.34001572327044,1,0.519069070377373,0.2602,0.641,42.3948,61.4
高雄市,彌陀區,0.778924992408139,0.713824692900271,0.648032703117016,0.49373459326212,0.344529750479846,0.310041796163327,3,0.518734643734644,0.157,0.6681,42,51.5
高雄市,大寮區,0.756274237213726,0.707202282791973,0.644352005916066,0.502298424467099,0.317246775055339,0.318149561748403,6,0.514599277978339,0.1899,0.6452,41,55.5
高雄市,永安區,0.764318088174701,0.69700332963374,0.606194690265487,0.488384804591418,0.298939929328622,0.329690604598354,1,0.488237189816307,0.1972,0.6811,41.0721,54.9
高雄市,旗山區,0.773378603901709,0.697118189242795,0.613969514687847,0.51547212741752,0.311635770786788,0.343228312997025,3,0.515533899716808,0.1643,0.667,46.5377,54.1
高雄市,燕巢區,0.75616744706129,0.699929428369795,0.628044905740309,0.50170411073242,0.305507497116494,0.319784774231077,2,0.500317729294641,0.1789,0.6613,43,54.6
高雄市,那瑪夏區,0.847619047619048,0.785500299580587,0.683155917345022,0.346881569726699,0.191790040376851,0.192910702113156,0,0.837799043062201,,,,
高雄市,六龜區,0.793896155370591,0.707141428285657,0.608617234468938,0.456770627714173,0.289161554192229,0.29997932602853,7,0.53239473341155,0.0927,0.6791,48,51.1
高雄市,杉林區,0.804296958094023,0.716033483580167,0.618387372013652,0.479715600167294,0.258431887866842,0.331487889273356,2,0.552744310575636,0.0889,0.6998,49,50.6
高雄市,美濃區,0.800371300644316,0.737917178256502,0.637539918511177,0.429678669465526,0.265836914662053,0.276827896512936,2,0.601227470478558,0.1569,0.7179,50,58.3
高雄市,內門區,0.804517387065323,0.71838609152042,0.6374528147054,0.512211221122112,0.278600749598429,0.299469964664311,2,0.528532608695652,0.0943,0.707,48,50.1
高雄市,桃源區,0.833890214797136,0.746993524514339,0.669440591770689,0.298312465977137,0.223037831733484,0.209809264305177,0,0.869220151828847,0.1254,0.6319,36,58.4
高雄市,甲仙區,0.791633466135458,0.702746365105008,0.620238095238095,0.449068569163694,0.279098360655738,0.293189368770764,1,0.592601976184444,0.0966,0.6867,47,49.4
高雄市,茂林區,0.819905213270142,0.755348837209302,0.650882079851439,0.313488372093023,0.217757009345794,0.232514177693762,0,0.90530035335689,0.1057,0.5882,36,60
高雄市,湖內區,0.758276966892132,0.694937256598875,0.624990997479294,0.521031689640472,0.315325248070562,0.319193272307807,4,0.487952129080515,0.2056,0.6608,41.7973,55.5
高雄市,路竹區,0.754667199680192,0.689664928660927,0.616819782265571,0.49659726976201,0.317853755103724,0.32977481234362,2,0.514971364541833,0.2323,0.667,40.55,57.6
高雄市,梓官區,0.7717277486911,0.724354657687991,0.654716032836321,0.520527116066903,0.31254761765223,0.31063930731823,4,0.461325724319579,0.1905,0.6468,42,53.6
高雄市,阿蓮區,0.752669175819955,0.694212944933406,0.609220465695818,0.508273326183545,0.314372211599745,0.348463016330452,3,0.461001551074673,0.1892,0.653,41,53.7
高雄市,茄萣區,0.758891555749509,0.707918234816619,0.632291283560132,0.529437481783737,0.310635390571624,0.345435049019608,1,0.469027507039203,0.17,0.6351,42.9426,49.9
高雄市,大社區,0.735047846889952,0.661641541038526,0.605520448312865,0.523792443806791,0.340100266138516,0.357196075996523,2,0.48148835482973,0.2114,0.6505,41.6988,57.6
高雄市,橋頭區,0.751295597484277,0.698526036619575,0.64578103386444,0.550674315619968,0.321943972835314,0.338637094181935,3,0.438696160199847,0.2513,0.6595,42,61.2
高雄市,鳥松區,0.728849208052539,0.683791042190072,0.626551514625467,0.512198275862069,0.346982853616609,0.349498624545213,3,0.516431924882629,0.3158,0.6603,43.6907,68.8
高雄市,仁武區,0.750388582732796,0.698087334799158,0.635516009181911,0.500639234812254,0.318550830001212,0.317477284874399,4,0.50888579227671,0.243,0.6553,39.2143,61.4
高雄市,岡山區,0.757416709379805,0.709036044973545,0.647553832192063,0.460962808053471,0.306327517342863,0.31070755815184,10,0.542363237779674,0.2472,0.6517,40.063,59.9
高雄市,田寮區,0.806241872561768,0.703150912106136,0.617936925098555,0.577624135763671,0.310309278350515,0.311566516151442,1,0.427486712224753,0.0973,0.7386,52.6228,49.9
高雄市,大樹區,0.769303671189146,0.708786439985705,0.625,0.533228701750944,0.304541915390605,0.321665188585737,3,0.4764621443557,0.1836,0.6456,43,55
高雄市,苓雅區,0.723890200642324,0.685654984151335,0.639485027094906,0.487590387188916,0.332695672460049,0.347270941490108,20,0.540001133444159,0.3271,0.6432,44,62.5
高雄市,前金區,0.722172008621289,0.681091317155281,0.631238447319778,0.506342274901227,0.335304724125496,0.346815772275071,7,0.53246146660439,0.3525,0.6464,48,63.8
高雄市,鳳山區,0.739777162566942,0.696030358102162,0.641604353890833,0.462579768477906,0.325398457281502,0.328784082535004,20,0.558815066393075,0.287,0.6438,40.8703,62
高雄市,小港區,0.739852326444505,0.692147370364996,0.623991789581716,0.49583437200698,0.328928364132122,0.341738481373414,3,0.510295357749005,0.2329,0.6499,39.3147,61.9
高雄市,旗津區,0.72910927456382,0.700474080982358,0.643409641378233,0.577163875410863,0.327505827505828,0.35268080841824,0,0.448264258874993,0.1516,0.6362,42,52.5
高雄市,三民區,0.717033031759495,0.679455782312925,0.627497835703189,0.49773254712513,0.343897028351332,0.34882479615689,23,0.522660557737316,0.2946,0.6424,45.8396,63.6
高雄市,新興區,0.71453933498539,0.668797953964194,0.629709928229665,0.513907481778968,0.348235657478187,0.365052371197774,5,0.527414486921529,0.3596,0.6459,46,63.7
高雄市,左營區,0.72603577276213,0.69672873364627,0.655407092907093,0.4273701737954,0.317431641143902,0.324649149791558,3,0.613682544820269,0.3086,0.6476,41,70.9
高雄市,鼓山區,0.716483483972131,0.691064298909481,0.63712030970816,0.465294831208024,0.337952341623077,0.341717697489284,2,0.564625850340136,0.3296,0.6528,41,68
高雄市,楠梓區,0.733080805242393,0.693721494860566,0.637003009301477,0.464431216332443,0.326197085357391,0.331739529054046,2,0.559708655637739,0.2878,0.6492,38.9678,65.1
高雄市,林園區,0.752715535969214,0.689227046988412,0.617717152712449,0.525107469939568,0.31512251891123,0.331034033968894,1,0.466034462819475,0.1722,0.6426,40,58.7
高雄市,鹽埕區,0.712107979356888,0.667337411461687,0.641175528507367,0.551431934091801,0.381667357942762,0.387973086627418,1,0.476853876429062,0.2732,0.636,48,56.6
新北市,汐止區,0.686592115667006,0.643818101585218,0.593228638781018,0.425558284697028,0.362956173016328,0.370491502277917,3,0.598264085954166,0.2803,0.6435,43,63.6
新北市,新莊區,0.697423262390394,0.651142284994927,0.591125324592397,0.477181940515168,0.358285735900443,0.365912771240419,8,0.504262753319357,0.2548,0.6315,38.6751,59.6
新北市,新店區,0.701598431935511,0.668776882744481,0.618340331599435,0.368448365334717,0.33103231441048,0.339713725572865,18,0.67083292587522,0.3402,0.6502,45,66.6
新北市,中和區,0.702520081000744,0.669315502485898,0.61772991496116,0.409360614614373,0.3391055843873,0.348320095145054,13,0.618191520110279,0.2915,0.6425,42.3411,63.3
新北市,樹林區,0.705436250758993,0.651195063625212,0.588868783927123,0.47204822856577,0.346579142243922,0.355251878372246,5,0.528360779248735,0.237,0.6398,38.8538,58.5
新北市,三重區,0.692069012547736,0.642715003335595,0.585854059302412,0.505757639453038,0.363124031098108,0.375506591512554,8,0.485640968317303,0.2387,0.6232,41,57.5
新北市,貢寮區,0.754753257850887,0.672067401166559,0.577375762859634,0.546552076938817,0.305629432624114,0.317438997089769,0,0.44883587237712,0.1225,0.7178,48,50.3
新北市,蘆洲區,0.692305014735572,0.637186832677923,0.581780222615794,0.500093484154436,0.359458534455289,0.372376495308135,3,0.48280053109999,0.2282,0.6213,38.7461,58.2
新北市,雙溪區,0.779558011049724,0.699216564073867,0.589772095608672,0.47414026536691,0.299686341602509,0.295525790823596,0,0.54406538734897,0.131,0.7033,51,53.1
新北市,永和區,0.693037353015463,0.658533396830733,0.613424015009381,0.380904776141715,0.341346923779827,0.354650395156271,13,0.658622206361984,0.3642,0.6435,43.8242,69.6
新北市,泰山區,0.716221335120487,0.663941367127048,0.600041132918087,0.454309842748981,0.339763884368435,0.350054914066906,8,0.528988627441048,0.2424,0.646,38.9774,62.5
新北市,板橋區,0.695120365883924,0.654944716231062,0.60890951644254,0.474448636849785,0.357967022967448,0.365273865987133,15,0.526413046067565,0.281,0.6403,40.3079,62.8
新北市,瑞芳區,0.74401336550956,0.669251287140996,0.595969228813021,0.458854712445294,0.314498662249968,0.33343949044586,0,0.60642970341861,0.1462,0.6575,45,52.6
新北市,石碇區,0.753313253012048,0.667477203647416,0.582360172095882,0.508651551312649,0.32018927444795,0.344458438287154,0,0.463957525015316,0.1386,0.682,48,51.8
新北市,金山區,0.748725338062514,0.676375404530744,0.588672446796532,0.478406055209261,0.308676436380554,0.374384800274694,0,0.52307176953354,0.1572,0.6683,42.3189,49.5
新北市,烏來區,0.759139784946237,0.712606837606838,0.635256180580437,0.424342105263158,0.294759825327511,0.302435478007997,1,0.630546702623192,0.1654,0.6714,39,61.6
新北市,萬里區,0.759863345823231,0.699877954066349,0.60561810277561,0.463790446841294,0.280063470474895,0.300541412279691,1,0.55700187170325,0.1444,0.6933,45,50.7
新北市,平溪區,0.804270462633452,0.708032955715757,0.634044768349818,0.517676767676768,0.279529663281668,0.296637744034707,0,0.519614147909968,0.0875,0.7372,53.1061,52.3
新北市,石門區,0.742940603700097,0.666077738515901,0.585496334456113,0.453966415749855,0.314098629015756,0.321588594704684,0,0.570919067215364,0.1495,0.6697,42,51
新北市,三芝區,0.73000214454214,0.65100162425555,0.58706793152328,0.460640462675378,0.337729420815474,0.353097639366065,1,0.576895306859206,0.1784,0.6538,44.8386,49.7
新北市,八里區,0.720220941402498,0.668772183119774,0.579055317608735,0.455102040816327,0.341789864330474,0.346718664310523,1,0.526907510118423,0.2018,0.6459,40.9849,56.3
新北市,深坑區,0.698023426061493,0.650892448512586,0.58803528763095,0.452226978777666,0.350882079851439,0.358995815899582,5,0.583610523132749,0.2468,0.6301,43.1437,60.4
新北市,坪林區,0.772549019607843,0.693884892086331,0.61148769175883,0.533103448275862,0.30307467057101,0.329299596626329,0,0.433876377575467,0.1374,0.7103,50,54.8
新北市,林口區,0.683088899402176,0.644814153197168,0.593414196449807,0.423119777158774,0.355736459350917,0.36764962104713,1,0.576680310623159,0.3398,0.6642,38.2985,75.8
新北市,五股區,0.714932126696833,0.658885542168675,0.602305084745763,0.490447236859884,0.343120117987655,0.354236634917139,3,0.510636346964973,0.2031,0.6368,39,56.1
新北市,土城區,0.696763875823142,0.646874497069989,0.595432687738772,0.463208799544851,0.352896669954891,0.363162157471508,6,0.548808069468749,0.2387,0.6284,39.3478,57.7
新北市,淡水區,0.693218715068931,0.656408212078932,0.598653297813952,0.42104425131029,0.363150238409526,0.358956333648777,3,0.589269726118598,0.3185,0.6499,42.1609,64.8
新北市,三峽區,0.720624126494086,0.662329822224073,0.602796849332379,0.451959228005681,0.33402927158463,0.346776079423457,2,0.560177442920767,0.2323,0.6446,39,59.5
新北市,鶯歌區,0.716699828286407,0.65330529994812,0.587012200159731,0.476658208507271,0.339135737450453,0.354633572389063,1,0.523060773233869,0.2062,0.633,39,55.5
臺中市,沙鹿區,0.741344799466232,0.6821152555851,0.607990230286113,0.431878763945108,0.304597125544594,0.317433758709387,1,0.544379179284974,0.2576,0.6631,37,60.9
臺中市,后里區,0.742497579864472,0.684387263826516,0.581730769230769,0.434033882052102,0.292973548439931,0.310013829008379,0,0.559310235722196,0.1957,0.6648,39,55.2
臺中市,神岡區,0.759679400168056,0.689048450740669,0.600864225608369,0.461696922878846,0.292257789718554,0.301241825748068,1,0.48174123337364,0.2058,0.6534,38.3799,52
臺中市,潭子區,0.74821752265861,0.688627703969518,0.619907576310349,0.434472218311983,0.316305522147706,0.310986547085202,5,0.547155265457162,0.2339,0.6441,38,57.2
臺中市,西區,0.693080501955551,0.652873178086782,0.608069433792858,0.44433782960899,0.346857164313608,0.359637920673077,10,0.550125498302082,0.3776,0.6428,41,65.5
臺中市,大甲區,0.746744512177671,0.695457305612584,0.618838485986709,0.439353798306744,0.296910788747284,0.315760152470312,1,0.534118139729661,0.22,0.6505,38,54.2
臺中市,梧棲區,0.740484972141568,0.667647866870756,0.579384214062685,0.452957615277131,0.301407333994054,0.31375113965196,1,0.499190707416929,0.2316,0.6472,37,57.1
臺中市,大肚區,0.761928297152416,0.692028570337268,0.603123564538356,0.433631660435784,0.296200975684708,0.302284439658488,1,0.54832159010492,0.2202,0.6488,38.6546,54.8
臺中市,豐原區,0.739775675263238,0.684848098847207,0.61099939803015,0.451630882259801,0.30688572678383,0.326032468283654,6,0.506506397321088,0.2448,0.6471,39,55.9
臺中市,東勢區,0.79479002733372,0.72936660268714,0.650905263157895,0.389386428958221,0.256021031207598,0.28519102176413,4,0.608233997796254,0.1845,0.6725,43.4181,52.7
臺中市,西屯區,0.702055690706262,0.666802911752112,0.613893013441701,0.409818269929731,0.334962051201384,0.348241907308552,9,0.591137798036466,0.3524,0.6416,38,69.6
臺中市,南區,0.708223416381697,0.667412135359702,0.620863380420824,0.450771713088971,0.340829791807914,0.347458048271407,5,0.551574021974117,0.3415,0.6424,39,64.8
臺中市,南屯區,0.698729994576938,0.662986914565756,0.619785033874994,0.422003034901366,0.335028494032864,0.346935393401662,7,0.570112435167028,0.3553,0.6422,37.9264,73
臺中市,烏日區,0.738057069573581,0.683515403733888,0.607387060954941,0.442994763792056,0.3058357771261,0.317659939634255,0,0.557753529854917,0.2447,0.6518,38,58.3
臺中市,北屯區,0.716498146142474,0.676816082758402,0.61884640269668,0.412178871264983,0.320219103594418,0.33373627077396,14,0.59652331090384,0.3157,0.6443,38.5578,62.5
臺中市,清水區,0.752963084123909,0.686282950545694,0.6054181688925,0.446749550629119,0.306997397029551,0.321569229195438,1,0.508882464360482,0.2217,0.6522,39,54.4
臺中市,外埔區,0.774329856067609,0.703528942646375,0.611370612571734,0.415543008967121,0.266626319682604,0.276061646140386,0,0.586890649088299,0.1834,0.6705,39,54.3
臺中市,龍井區,0.743599441405795,0.688179268435199,0.611457292340251,0.431426081905315,0.318605129410382,0.316251140611662,5,0.537076371188521,0.2439,0.6472,37,57
臺中市,太平區,0.744818559523524,0.68783075161232,0.612008256435163,0.426731040129068,0.303205753291078,0.317333561610331,3,0.55578822968392,0.2327,0.64,37.9974,54.1
臺中市,和平區,0.828796561604585,0.737865810135617,0.62368842255024,0.364086249558148,0.209654686398872,0.227434257285004,0,0.684836745987825,0.1197,0.7122,45,53
臺中市,北區,0.708950852322652,0.66913554897187,0.613745055204582,0.429839286496271,0.335138503538628,0.345561272770286,23,0.585423568386181,0.3323,0.635,41,59.8
臺中市,大里區,0.741986303572003,0.687002279922634,0.615464553632319,0.444297552639216,0.309469676366603,0.321549995641182,3,0.537203742786172,0.2508,0.6379,37,55.7
臺中市,霧峰區,0.75996459841325,0.699362854412233,0.611332801276935,0.439017441676427,0.287458735296946,0.304026845637584,1,0.547518175636801,0.2237,0.6535,39.6471,53.2
臺中市,中區,0.746435845213849,0.697089609394945,0.615110205121672,0.488302638128422,0.315038560411311,0.320696324951644,4,0.521631776704241,0.2654,0.6517,42,54.3
臺中市,東區,0.735643863455359,0.680198182415417,0.611277031137658,0.4637558171366,0.328167958010497,0.33131669607596,8,0.519515699714979,0.2689,0.6419,40.2062,56.3
臺中市,新社區,0.785553892215569,0.726821502153961,0.630171449869549,0.442635017020885,0.26221928665786,0.284163413008285,0,0.570100143061517,0.1573,0.6806,42.9147,53.3
臺中市,大雅區,0.740509291766138,0.688921187116133,0.609974756411164,0.417040358744395,0.291748642946879,0.319597679284763,1,0.55941958984886,0.2341,0.6443,36.9755,57.2
臺中市,大安區,0.775155686660112,0.694992244626634,0.597066340704523,0.449362258803009,0.277678171223667,0.298666367813516,0,0.553072625698324,0.1627,0.6714,41,51.2
臺中市,石岡區,0.775268367489196,0.692935547424712,0.604099396321775,0.42612064194798,0.265486725663717,0.298176162872897,0,0.581204871214571,0.1848,0.6597,42.4398,52.1
臺南市,南化區,0.78631995477671,0.704861111111111,0.60419091967404,0.48271922307912,0.287230905337659,0.311373707533235,1,0.403585008147746,0.1391,0.719,48,52.1
臺南市,南區,0.726736060026482,0.680720674297913,0.637172851741732,0.540161932913507,0.331576652575307,0.342296621723981,5,0.323620811667333,0.2595,0.6315,42.3619,55.4
臺南市,東區,0.695347277273005,0.66229347091702,0.630214357788005,0.48239319605647,0.34669532910024,0.367873201997367,26,0.399151660132456,0.3809,0.6356,40.7499,69.7
臺南市,仁德區,0.742460223224887,0.693505712567649,0.638679669917479,0.497161394971614,0.320582095050964,0.334136322925353,2,0.311379126987963,0.2563,0.6616,40.6964,59.3
臺南市,關廟區,0.755397070161912,0.686044990844886,0.620721013316012,0.535123966942149,0.309798657718121,0.333738027789019,0,0.251191543579822,0.1883,0.6718,43.5736,53.9
臺南市,龍崎區,0.793588301462317,0.724418604651163,0.633810888252149,0.512835139760411,0.290438965724594,0.293583535108959,0,0.236033519553073,0.1135,0.7555,53,51.8
臺南市,中西區,0.707014312030608,0.659020618556701,0.623045361948756,0.544299831971065,0.35087260034904,0.362537413186877,10,0.342671025907762,0.3413,0.645,43,61.6
臺南市,北區,0.709635638569822,0.670750831480811,0.630063378341141,0.506264757079089,0.349553493258624,0.360555129367459,9,0.367821229050279,0.3237,0.6417,41.1751,64.4
臺南市,安平區,0.697248042157652,0.658549862098998,0.620714753621079,0.502212146696406,0.348343685300207,0.359892536434565,1,0.361732757492475,0.3039,0.6336,40,64.6
臺南市,西港區,0.75517276526348,0.678582402949913,0.611498257839721,0.568132303426421,0.323403365736386,0.339732888146912,0,0.251381795284405,0.1999,0.6625,42.6062,52.9
臺南市,七股區,0.783040241665768,0.724634494888425,0.660464098073555,0.59020336759239,0.306199270674038,0.321108490566038,0,0.240690012586067,0.1393,0.6932,46.5186,50.7
臺南市,麻豆區,0.729291390007619,0.662582781456954,0.604417000445038,0.613970003709789,0.342808607021518,0.376599738353905,1,0.227281902224375,0.2416,0.6761,43,58.1
臺南市,大內區,0.795821934842079,0.717662007623888,0.630451415455241,0.571534287123828,0.288162828066417,0.315039009954264,0,0.280418882978723,0.132,0.7156,49.2286,51.7
臺南市,官田區,0.743935309973046,0.679770114942529,0.610027535566774,0.59795305373234,0.366039533222196,0.364413825870056,1,0.248639564660691,0.2064,0.6774,44,56.3
臺南市,後壁區,0.767703862660944,0.702045328911001,0.626770616009663,0.585543421736869,0.315188559566371,0.34,0,0.275351177580544,0.1708,0.7056,49,56
臺南市,東山區,0.77645866512234,0.707291666666667,0.623239958500074,0.55949070686375,0.301791092090664,0.331956141744796,0,0.326128638661321,0.134,0.7108,48.8694,52.8
臺南市,下營區,0.757834461218116,0.705045140732873,0.627874489576617,0.591171617161716,0.328064551785122,0.346408158691023,1,0.283339601353892,0.1914,0.6947,46,56.3
臺南市,六甲區,0.708578542326845,0.668951097688466,0.579651162790698,0.571460079400088,0.335771590372817,0.379195824931799,0,0.255947240323467,0.212,0.6731,43.5436,57
臺南市,白河區,0.760755508919203,0.68632603406326,0.6117624261215,0.585259038389862,0.322947325687608,0.35143059346881,0,0.295389048991354,0.1546,0.6952,48.4937,53.3
臺南市,鹽水區,0.755145631067961,0.684361691591562,0.613730518840008,0.574504249291785,0.321432225063939,0.357412124299542,0,0.269478101942733,0.1898,0.6777,45,55.3
臺南市,永康區,0.716176440941072,0.671447949143621,0.617878867489845,0.49112564222326,0.340628367736052,0.352154914772142,4,0.341502392764631,0.2883,0.6457,38.8631,61.9
臺南市,左鎮區,0.829481253210067,0.743883394065591,0.665295629820052,0.561731694281133,0.254700854700855,0.286941580756014,0,0.310105680317041,0.0998,0.7383,53.5595,50.6
臺南市,安南區,0.726606184039993,0.674026605493149,0.621555976284191,0.538161248212843,0.334799123075354,0.347316604026676,0,0.283965840534812,0.2441,0.6413,38.0657,56.9
臺南市,學甲區,0.76491395793499,0.692769335011132,0.614270541662644,0.584325302352157,0.307954659444277,0.334395856160972,0,0.271639690358902,0.2011,0.6665,44.2163,54.6
臺南市,新營區,0.723682964552887,0.675034509325543,0.611798165723964,0.492318808708492,0.326212452300969,0.351307560193137,5,0.361337871382143,0.3002,0.6503,41,63.6
臺南市,柳營區,0.766329966329966,0.69835653960283,0.625769669327252,0.556473214285714,0.308849662362279,0.336694021101993,0,0.286797819388481,0.1989,0.6798,45.8282,57.5
臺南市,新化區,0.746942131770994,0.693920988423402,0.626330768419943,0.51883859408758,0.320179659929419,0.351207443661593,1,0.311017331093539,0.2291,0.658,42,55.5
臺南市,佳里區,0.746437193365003,0.693382002856689,0.629670721559615,0.54791374747003,0.321528086257723,0.343465290655487,1,0.284545031778019,0.253,0.6612,41,57.5
臺南市,將軍區,0.737980472129527,0.726290667001633,0.661210704078982,0.601189738505391,0.29563224588838,0.290412099347856,0,0.252517868745939,0.1424,0.6947,47.9475,50.6
臺南市,北門區,0.794997547817558,0.716920009967605,0.643335815338794,0.560993425858291,0.322387281730519,0.298480083857442,1,0.280442253100254,0.1439,0.7056,47,52.2
臺南市,楠西區,0.794435440302539,0.726500411071526,0.626178591236828,0.448491437890731,0.253914033589525,0.28115286804182,0,0.471651746533263,0.1309,0.7071,49,50.6
臺南市,善化區,0.713864454218313,0.670759823576584,0.62143977335964,0.545459173284463,0.351334477914781,0.369779446269357,0,0.283129584352078,0.2966,0.683,39,70
臺南市,新市區,0.733972741039879,0.684716599190283,0.615653611393693,0.551070997266891,0.324452840020844,0.349983718658417,0,0.26281716612718,0.2667,0.6636,38.7462,59.8
臺南市,山上區,0.767625899280576,0.684362585771036,0.614285714285714,0.57577955039884,0.325439266615737,0.351382052252935,0,0.295697646779178,0.176,0.6866,46.0543,53.1
臺南市,玉井區,0.785934819897084,0.743696748391584,0.634720992028344,0.469512195121951,0.278318903318903,0.300378856215046,0,0.409859490354846,0.1631,0.6927,48.1481,53.6
臺南市,安定區,0.75090895599911,0.699223659889094,0.632847740885898,0.55660022564874,0.312611012433393,0.340798365550841,0,0.277213860693035,0.2081,0.6684,41,56.3
臺南市,歸仁區,0.727897312152289,0.674650088327218,0.623602526429561,0.530126582278481,0.345119590764551,0.347820030644937,0,0.254017000274198,0.2454,0.6536,39.4093,59
桃園市,桃園區,0.696269280278223,0.648766772293616,0.592146510476819,0.432742075529144,0.345210982295112,0.361432491139819,12,0.374724538188908,0.3044,0.6527,38.1509,69.3
桃園市,大溪區,0.749444556655221,0.684126094927684,0.601962337430054,0.452546442562871,0.307197510050577,0.320150610231109,3,0.334546426515338,0.2102,0.6605,39,57.4
桃園市,中壢區,0.724656538659915,0.67841175093633,0.614462371923213,0.38617984202509,0.316003013280977,0.329344898019597,15,0.449914512465869,0.2925,0.6595,38,66.8
桃園市,大園區,0.737578159892809,0.672155017921147,0.581636659375175,0.466832945660399,0.319482734119653,0.326151390788874,3,0.302109208175361,0.2127,0.6618,37.3794,60.9
桃園市,龜山區,0.707438778266881,0.654416464272018,0.586765980672296,0.453725001597342,0.340690481588237,0.362403414050629,1,0.362785722023616,0.2552,0.6579,38,64.4
桃園市,觀音區,0.745117732395938,0.675645342312009,0.577172601086301,0.463914839766256,0.308126669210225,0.324153757888698,1,0.291538306509659,0.19,0.6597,37.9009,59.1
桃園市,復興區,0.857703081232493,0.774018691588785,0.660522851231898,0.368345910666939,0.192361249254028,0.195820895522388,0,0.411088011088011,0.098,0.6911,38.5192,57
桃園市,蘆竹區,0.716393008061624,0.670134753995613,0.602602131299339,0.442973796850568,0.331062822788251,0.347203187250996,2,0.329443202268637,0.2724,0.6694,37,72.1
桃園市,新屋區,0.767734657039711,0.692454372105693,0.581966838715571,0.443214672930972,0.280034969861501,0.296529384544193,2,0.313256306829835,0.1885,0.6792,41.23,57.8
桃園市,龍潭區,0.759405734997074,0.703602214991152,0.646403685793702,0.364107963246554,0.287086693159458,0.300108300456409,9,0.449177423852248,0.2638,0.6627,38.8536,63.1
桃園市,八德區,0.729643726212017,0.674220856587446,0.599561038371301,0.421877342929975,0.319861095268874,0.332665787872642,3,0.379365460756558,0.2407,0.66,37.9495,60.8
桃園市,平鎮區,0.738376325367938,0.691251471165163,0.613263968103366,0.390022507219297,0.310871124145091,0.319829674610205,4,0.419073209651239,0.2698,0.6561,37.1218,64.2
桃園市,楊梅區,0.756477519198077,0.698791807867983,0.623917274577681,0.37146865539393,0.289311362078727,0.314487789689071,6,0.411930775171226,0.2561,0.665,37.3284,63.2
